{
    "65": 0.12625015510609255,
    "70": 0.12532572279439136,
    "75": 0.124525375356744,
    "80": 0.1236815982131778,
    "85": 0.12233527732969349,
    "90": 0.11629854820697356,
    "95": 0.11288621417049262
}