{
    "65": 0.12867710414286532,
    "70": 0.127292106791593,
    "75": 0.12608581877596867,
    "80": 0.12481570599761295,
    "85": 0.12311158483268338,
    "90": 0.11628871769669197,
    "95": 0.11252305669553674
}