{
    "65": 0.12392976796128552,
    "70": 0.12337138602804316,
    "75": 0.1228440253133143,
    "80": 0.12217396699342349,
    "85": 0.12075939942920959,
    "90": 0.11395334408735576,
    "95": 0.11068991189973942
}