{
    "65": 0.12591349191659382,
    "70": 0.12490506066543698,
    "75": 0.12394130674819216,
    "80": 0.12295840540212791,
    "85": 0.1212479017609252,
    "90": 0.11355701785178614,
    "95": 0.10993177132864007
}