{
    "65": 0.9481203721283463,
    "70": 0.9438484906018606,
    "75": 0.9398139358268464,
    "80": 0.9346876779950636,
    "85": 0.9238655781279665,
    "90": 0.8717960888551357,
    "95": 0.8468293146003417
}