{
    "65": 0.965872413138409,
    "70": 0.9588000759445605,
    "75": 0.9526770457565977,
    "80": 0.9462217581165749,
    "85": 0.9359217771027151,
    "90": 0.8897379912663755,
    "95": 0.8636320486045187
}