{
    "65": 0.9569489272830833,
    "70": 0.9466489462692235,
    "75": 0.9376779950636036,
    "80": 0.9282323903550408,
    "85": 0.9155591418264667,
    "90": 0.8648186823618759,
    "95": 0.8368141256882475
}