{
    "65": 0.9363964306056579,
    "70": 0.9288969052591608,
    "75": 0.9217296373647238,
    "80": 0.9144199734194038,
    "85": 0.9016992595405354,
    "90": 0.8445035124359218,
    "95": 0.8175431934687678
}