{
    "65": 0.06897601696944815,
    "70": 0.06823360361285025,
    "75": 0.06758698552807144,
    "80": 0.06690615484621437,
    "85": 0.06599267850422526,
    "90": 0.06233535187656095,
    "95": 0.060316808648944543
}