{
    "65": 0.06749461151596017,
    "70": 0.06695405248212392,
    "75": 0.06643744226624243,
    "80": 0.06591056827123747,
    "85": 0.06499367066954052,
    "90": 0.0608710527216121,
    "95": 0.058927777207567825
}