{
    "65": 0.06753913147378622,
    "70": 0.06704459461253534,
    "75": 0.06661643853802955,
    "80": 0.06616504918816297,
    "85": 0.0654448176519788,
    "90": 0.06221539237683045,
    "95": 0.06038992074134063
}