{
    "65": 0.06629781076165314,
    "70": 0.06599909722130026,
    "75": 0.06571697887763366,
    "80": 0.0653585226292102,
    "85": 0.06460178166031624,
    "90": 0.060960795507348356,
    "95": 0.05921498081595263
}