{
  "precision": 0.6242437815562636,
  "recall": 0.6725974153435057,
  "f1": 0.6306496290351744,
  "accuracy": 0.6443424894238218
}