{
  "precision": 0.5832187922519664,
  "recall": 0.5798603797751213,
  "f1": 0.5813862543203656,
  "accuracy": 0.35142703926592384
}