{
  "precision": 0.4016069991549818,
  "recall": 0.40273527736012427,
  "f1": 0.4021541004741646,
  "accuracy": 0.40898528272656853
}